-- phpMyAdmin SQL Dump
-- version 4.9.0.1
-- https://www.phpmyadmin.net/
--
-- Host: 127.0.0.1
-- Generation Time: Sep 08, 2019 at 03:59 PM
-- Server version: 10.3.16-MariaDB
-- PHP Version: 7.3.7

SET SQL_MODE = "NO_AUTO_VALUE_ON_ZERO";
SET AUTOCOMMIT = 0;
START TRANSACTION;
SET time_zone = "+00:00";


/*!40101 SET @OLD_CHARACTER_SET_CLIENT=@@CHARACTER_SET_CLIENT */;
/*!40101 SET @OLD_CHARACTER_SET_RESULTS=@@CHARACTER_SET_RESULTS */;
/*!40101 SET @OLD_COLLATION_CONNECTION=@@COLLATION_CONNECTION */;
/*!40101 SET NAMES utf8mb4 */;

--
-- Database: `kasir_dito`
--

-- --------------------------------------------------------

--
-- Table structure for table `detail_paket`
--

CREATE TABLE `detail_paket` (
  `id_detail_paket` int(11) NOT NULL,
  `id_paket` int(11) NOT NULL,
  `id_menu` int(11) NOT NULL
) ENGINE=InnoDB DEFAULT CHARSET=latin1;

--
-- Dumping data for table `detail_paket`
--

INSERT INTO `detail_paket` (`id_detail_paket`, `id_paket`, `id_menu`) VALUES
(1, 1, 23),
(2, 2, 16),
(4, 4, 16),
(5, 6, 23),
(6, 7, 16),
(7, 8, 23),
(8, 9, 16),
(9, 10, 23),
(10, 11, 16);

-- --------------------------------------------------------

--
-- Table structure for table `detail_trans`
--

CREATE TABLE `detail_trans` (
  `id_detail` int(11) NOT NULL,
  `id_trans` int(11) NOT NULL,
  `id_menu` int(11) NOT NULL,
  `qty` int(11) NOT NULL,
  `total` int(11) NOT NULL
) ENGINE=InnoDB DEFAULT CHARSET=latin1;

--
-- Dumping data for table `detail_trans`
--

INSERT INTO `detail_trans` (`id_detail`, `id_trans`, `id_menu`, `qty`, `total`) VALUES
(1, 1, 33, 1, 8000),
(2, 1, 34, 1, 8000),
(3, 1, 28, 1, 10000),
(4, 1, 26, 1, 10000),
(5, 2, 53, 1, 10000),
(6, 2, 16, 1, 10000),
(7, 2, 23, 1, 10000),
(8, 3, 40, 1, 8000),
(9, 3, 32, 1, 10000),
(10, 3, 13, 1, 13000),
(11, 4, 48, 1, 10000),
(12, 4, 14, 1, 8000),
(13, 5, 19, 1, 10000),
(14, 5, 15, 1, 8000),
(15, 6, 19, 1, 10000),
(16, 6, 16, 1, 10000),
(17, 6, 15, 1, 8000),
(18, 6, 24, 1, 10000),
(19, 7, 17, 1, 10000),
(20, 7, 16, 1, 10000),
(21, 8, 18, 1, 10000),
(22, 8, 45, 1, 10000),
(23, 8, 27, 1, 10000),
(24, 9, 18, 1, 10000),
(25, 9, 17, 1, 10000),
(26, 10, 15, 1, 8000),
(27, 10, 7, 1, 10000),
(28, 11, 57, 1, 10000),
(29, 11, 53, 1, 10000),
(30, 11, 7, 1, 10000),
(31, 12, 7, 1, 10000),
(32, 12, 51, 1, 10000),
(33, 13, 55, 1, 10000),
(34, 13, 19, 1, 10000),
(35, 13, 25, 1, 10000),
(36, 14, 54, 1, 10000),
(37, 14, 29, 1, 10000),
(38, 15, 19, 1, 10000),
(39, 15, 17, 1, 10000),
(40, 15, 25, 1, 10000),
(41, 16, 28, 1, 10000),
(42, 16, 57, 1, 10000),
(43, 16, 25, 1, 10000),
(44, 17, 17, 1, 10000),
(45, 17, 15, 1, 8000),
(46, 18, 19, 1, 10000),
(47, 18, 33, 1, 8000),
(48, 19, 14, 1, 8000),
(49, 19, 15, 1, 8000),
(50, 20, 55, 1, 10000),
(51, 20, 51, 1, 10000),
(52, 21, 16, 1, 10000),
(53, 21, 15, 1, 8000),
(54, 21, 23, 1, 10000),
(55, 22, 3, 1, 10000),
(56, 22, 15, 1, 8000),
(57, 23, 3, 1, 10000),
(58, 23, 6, 1, 10000),
(59, 24, 3, 1, 10000),
(60, 25, 10, 1, 10000),
(61, 25, 9, 1, 10000),
(62, 26, 7, 1, 10000),
(63, 26, 16, 1, 10000),
(64, 26, 27, 1, 10000),
(65, 26, 23, 1, 10000),
(66, 27, 16, 1, 10000),
(67, 27, 1, 1, 5000),
(68, 28, 21, 1, 8000),
(69, 29, 16, 1, 10000),
(70, 29, 17, 1, 10000),
(71, 29, 23, 1, 10000),
(72, 29, 27, 1, 10000),
(73, 30, 12, 1, 8000),
(74, 30, 23, 1, 10000),
(75, 31, 1, 1, 5000),
(76, 32, 3, 1, 10000),
(77, 32, 2, 1, 10000),
(78, 33, 17, 1, 10000),
(79, 33, 16, 1, 10000),
(80, 33, 23, 1, 10000),
(81, 34, 1, 2, 10000),
(82, 34, 24, 1, 10000),
(83, 35, 16, 1, 10000),
(84, 35, 19, 1, 10000),
(85, 35, 33, 1, 8000),
(86, 36, 12, 1, 8000),
(87, 36, 17, 1, 10000),
(88, 36, 33, 1, 8000),
(89, 37, 18, 1, 10000),
(90, 37, 17, 1, 10000),
(91, 38, 16, 1, 10000),
(92, 38, 55, 1, 10000),
(93, 38, 23, 1, 10000),
(94, 39, 17, 1, 10000),
(95, 39, 46, 2, 20000),
(96, 40, 33, 1, 8000),
(97, 40, 17, 1, 10000),
(98, 41, 7, 1, 10000),
(99, 41, 17, 1, 10000),
(100, 41, 55, 1, 10000),
(101, 42, 52, 1, 10000),
(102, 42, 46, 1, 10000),
(103, 43, 16, 1, 10000),
(104, 43, 55, 1, 10000),
(105, 43, 23, 1, 10000),
(106, 44, 55, 1, 10000),
(107, 44, 17, 1, 10000),
(108, 45, 3, 1, 10000),
(109, 45, 34, 1, 8000),
(110, 46, 54, 1, 10000),
(111, 46, 55, 1, 10000),
(112, 46, 17, 1, 10000),
(113, 47, 17, 1, 10000),
(114, 47, 34, 1, 8000),
(115, 48, 17, 2, 20000),
(116, 48, 23, 1, 10000),
(117, 49, 17, 1, 10000),
(118, 50, 55, 2, 20000),
(119, 50, 17, 1, 10000),
(120, 51, 21, 2, 16000),
(121, 51, 23, 1, 10000),
(122, 51, 24, 1, 10000),
(123, 52, 12, 1, 8000),
(124, 52, 23, 1, 10000),
(125, 53, 16, 1, 10000),
(126, 53, 14, 1, 8000),
(127, 53, 23, 1, 10000),
(128, 54, 12, 1, 8000),
(129, 54, 1, 1, 5000),
(130, 55, 16, 2, 20000),
(131, 55, 48, 1, 10000),
(132, 56, 55, 4, 40000),
(133, 56, 23, 1, 10000),
(134, 56, 13, 1, 13000),
(135, 56, 43, 1, 8000),
(136, 56, 39, 1, 8000),
(137, 57, 16, 1, 10000),
(138, 57, 55, 1, 10000),
(139, 58, 3, 1, 10000),
(140, 58, 17, 1, 10000),
(141, 59, 16, 1, 10000),
(142, 59, 39, 1, 8000),
(143, 60, 55, 1, 10000),
(144, 60, 12, 1, 8000),
(145, 61, 16, 1, 10000),
(146, 61, 7, 1, 10000),
(147, 61, 23, 1, 10000),
(148, 61, 57, 1, 10000),
(149, 62, 7, 1, 10000),
(150, 62, 14, 1, 8000),
(151, 63, 15, 1, 8000),
(152, 63, 16, 1, 10000),
(153, 63, 24, 1, 10000),
(154, 64, 16, 1, 10000),
(155, 64, 17, 1, 10000),
(156, 64, 18, 1, 10000),
(157, 64, 23, 1, 10000),
(158, 65, 3, 1, 10000),
(159, 66, 16, 1, 10000),
(160, 66, 17, 1, 10000),
(161, 67, 14, 1, 8000),
(162, 67, 17, 1, 10000),
(163, 68, 16, 1, 10000),
(164, 68, 19, 1, 10000),
(165, 69, 39, 1, 8000),
(166, 69, 16, 1, 10000),
(167, 69, 14, 1, 8000),
(168, 70, 7, 1, 10000),
(169, 70, 14, 1, 8000),
(170, 71, 55, 1, 10000),
(171, 71, 16, 1, 10000),
(172, 72, 21, 1, 8000),
(173, 73, 21, 2, 16000),
(174, 73, 24, 1, 10000),
(175, 74, 16, 1, 10000),
(176, 74, 18, 1, 10000),
(177, 74, 23, 1, 10000),
(178, 75, 21, 1, 8000),
(179, 75, 12, 1, 8000),
(180, 76, 12, 2, 16000),
(181, 76, 23, 1, 10000),
(182, 77, 18, 1, 10000),
(183, 77, 16, 1, 10000),
(184, 77, 25, 1, 10000),
(185, 78, 21, 1, 8000),
(186, 78, 12, 1, 8000),
(187, 79, 16, 1, 10000),
(188, 79, 13, 1, 13000),
(189, 79, 25, 1, 10000),
(190, 80, 16, 1, 10000),
(191, 80, 12, 1, 8000),
(192, 81, 21, 2, 16000),
(193, 82, 18, 1, 10000),
(194, 82, 16, 1, 10000),
(195, 83, 16, 2, 20000),
(196, 83, 2, 1, 10000),
(197, 83, 23, 1, 10000),
(198, 84, 12, 2, 16000),
(199, 84, 21, 1, 8000),
(200, 84, 23, 1, 10000),
(201, 85, 4, 1, 8000),
(202, 85, 12, 1, 8000),
(203, 86, 1, 1, 5000),
(204, 86, 4, 1, 8000),
(205, 86, 24, 1, 10000),
(206, 87, 2, 1, 10000),
(207, 87, 1, 1, 5000),
(208, 88, 4, 1, 8000),
(209, 89, 2, 1, 10000),
(210, 89, 5, 1, 10000),
(211, 89, 24, 1, 10000),
(212, 90, 8, 1, 10000),
(213, 91, 6, 1, 10000),
(214, 91, 22, 1, 5000),
(215, 92, 7, 1, 10000),
(216, 92, 10, 1, 10000),
(217, 92, 24, 1, 10000),
(218, 93, 55, 1, 10000),
(219, 93, 48, 1, 10000),
(220, 94, 39, 1, 8000),
(221, 94, 40, 1, 8000),
(222, 94, 41, 1, 8000),
(223, 95, 17, 1, 10000),
(224, 95, 56, 1, 10000),
(225, 95, 55, 1, 10000),
(226, 96, 46, 1, 10000),
(227, 96, 17, 1, 10000),
(228, 96, 23, 1, 10000),
(229, 97, 57, 1, 10000),
(230, 97, 3, 1, 10000),
(231, 97, 53, 1, 10000),
(232, 98, 19, 1, 10000),
(233, 98, 3, 1, 10000),
(234, 98, 2, 1, 10000),
(235, 98, 23, 1, 10000),
(236, 99, 16, 1, 10000),
(237, 99, 50, 1, 10000),
(238, 100, 56, 1, 10000),
(239, 100, 43, 1, 8000),
(240, 101, 46, 1, 10000),
(241, 101, 40, 1, 8000),
(242, 102, 55, 1, 10000),
(243, 102, 16, 1, 10000),
(244, 102, 18, 1, 10000),
(245, 102, 23, 1, 10000),
(246, 103, 50, 2, 20000),
(247, 103, 48, 1, 10000),
(248, 104, 54, 1, 10000),
(249, 104, 19, 1, 10000),
(250, 104, 23, 1, 10000),
(251, 105, 19, 1, 10000),
(252, 105, 16, 1, 10000),
(253, 105, 27, 1, 10000),
(254, 106, 54, 2, 20000),
(255, 106, 23, 1, 10000),
(256, 107, 21, 1, 8000),
(257, 107, 12, 1, 8000),
(258, 107, 23, 1, 10000),
(259, 108, 12, 1, 8000),
(260, 109, 17, 1, 10000),
(261, 109, 16, 1, 10000),
(262, 109, 23, 1, 10000),
(263, 110, 16, 1, 10000),
(264, 110, 7, 2, 20000),
(265, 111, 9, 1, 10000),
(266, 111, 5, 1, 10000),
(267, 112, 14, 1, 8000),
(268, 113, 1, 1, 5000),
(269, 113, 3, 1, 10000),
(270, 113, 22, 1, 5000),
(271, 114, 12, 1, 8000),
(272, 114, 14, 1, 8000),
(273, 114, 24, 1, 10000),
(274, 115, 5, 1, 10000),
(275, 115, 6, 1, 10000),
(276, 115, 22, 1, 5000),
(277, 115, 23, 1, 10000),
(278, 116, 3, 1, 10000),
(279, 116, 16, 1, 10000),
(280, 116, 24, 1, 10000),
(281, 117, 14, 1, 8000),
(282, 117, 16, 1, 10000),
(283, 117, 23, 1, 10000),
(284, 118, 1, 1, 5000),
(285, 118, 24, 1, 10000),
(286, 118, 17, 1, 10000),
(287, 119, 15, 1, 8000),
(288, 119, 57, 1, 10000),
(289, 119, 45, 1, 10000),
(290, 119, 23, 1, 10000),
(291, 120, 3, 1, 10000),
(292, 121, 9, 1, 10000),
(293, 121, 11, 1, 10000),
(294, 122, 3, 1, 10000),
(295, 122, 17, 1, 10000),
(296, 123, 48, 1, 10000),
(297, 123, 53, 1, 10000),
(298, 123, 26, 1, 10000),
(299, 124, 21, 2, 16000),
(300, 125, 12, 2, 16000),
(301, 125, 23, 1, 10000),
(302, 126, 16, 1, 10000),
(303, 126, 48, 1, 10000),
(304, 126, 27, 1, 10000),
(305, 127, 52, 1, 10000),
(306, 127, 32, 1, 10000),
(307, 127, 26, 1, 10000),
(308, 128, 55, 1, 10000),
(309, 128, 54, 1, 10000),
(310, 128, 25, 1, 10000),
(311, 129, 56, 2, 20000),
(312, 130, 52, 1, 10000),
(313, 130, 55, 1, 10000),
(314, 131, 54, 1, 10000),
(315, 131, 17, 1, 10000),
(316, 131, 23, 1, 10000),
(317, 132, 39, 1, 8000),
(318, 132, 36, 1, 8000),
(319, 132, 45, 1, 10000),
(320, 132, 16, 1, 10000),
(321, 132, 22, 1, 5000),
(322, 133, 1, 1, 5000),
(323, 133, 45, 1, 10000),
(324, 134, 10, 1, 10000),
(325, 134, 19, 1, 10000),
(326, 134, 16, 1, 10000),
(327, 135, 55, 1, 10000),
(328, 135, 14, 1, 8000),
(329, 135, 25, 1, 10000),
(330, 136, 49, 1, 10000),
(331, 136, 13, 1, 13000),
(332, 136, 26, 1, 10000),
(333, 137, 53, 1, 10000),
(334, 137, 55, 1, 10000),
(335, 137, 13, 1, 13000),
(336, 138, 17, 1, 10000),
(337, 138, 13, 1, 13000),
(338, 138, 15, 1, 8000),
(339, 138, 23, 1, 10000),
(340, 139, 45, 1, 10000),
(341, 139, 16, 1, 10000),
(342, 140, 55, 1, 10000),
(343, 140, 16, 1, 10000),
(344, 140, 51, 1, 10000),
(345, 140, 23, 1, 10000),
(346, 141, 15, 1, 8000),
(347, 142, 15, 1, 8000),
(348, 142, 7, 1, 10000),
(349, 142, 53, 1, 10000),
(350, 142, 23, 1, 10000),
(351, 142, 24, 1, 10000),
(352, 143, 57, 1, 10000),
(353, 143, 17, 1, 10000),
(354, 143, 45, 1, 10000),
(355, 144, 7, 1, 10000),
(356, 144, 19, 1, 10000),
(357, 144, 23, 1, 10000),
(358, 145, 35, 2, 16000),
(359, 145, 33, 1, 8000),
(360, 146, 51, 1, 10000),
(361, 146, 15, 1, 8000),
(362, 146, 16, 1, 10000),
(363, 147, 1, 2, 10000),
(364, 148, 45, 1, 10000),
(365, 148, 13, 1, 13000),
(366, 149, 12, 1, 8000),
(367, 149, 16, 1, 10000),
(368, 149, 23, 1, 10000),
(369, 150, 1, 1, 5000),
(370, 150, 16, 1, 10000),
(371, 150, 24, 1, 10000),
(372, 151, 55, 1, 10000),
(373, 151, 17, 1, 10000),
(374, 151, 26, 1, 10000),
(375, 152, 33, 1, 8000),
(376, 152, 16, 1, 10000),
(377, 152, 17, 1, 10000),
(378, 152, 27, 1, 10000),
(379, 153, 10, 1, 10000),
(380, 153, 16, 1, 10000),
(381, 153, 24, 1, 10000),
(382, 154, 3, 1, 10000),
(383, 154, 22, 1, 5000),
(384, 155, 21, 1, 8000),
(385, 155, 12, 1, 8000),
(386, 155, 24, 1, 10000),
(387, 156, 17, 1, 10000),
(388, 156, 55, 1, 10000),
(389, 156, 27, 1, 10000),
(390, 157, 9, 1, 10000),
(391, 157, 10, 1, 10000),
(392, 158, 16, 1, 10000),
(393, 158, 32, 1, 10000),
(394, 158, 27, 1, 10000),
(395, 159, 21, 1, 8000),
(396, 160, 12, 2, 16000),
(397, 160, 23, 1, 10000),
(398, 161, 16, 2, 20000),
(399, 161, 23, 1, 10000),
(400, 162, 16, 1, 10000),
(401, 162, 17, 1, 10000),
(402, 162, 23, 1, 10000),
(403, 163, 52, 1, 10000),
(404, 163, 45, 1, 10000),
(405, 163, 16, 1, 10000),
(406, 163, 25, 1, 10000),
(407, 164, 33, 2, 16000),
(408, 164, 40, 1, 8000),
(409, 164, 48, 1, 10000),
(410, 164, 44, 1, 8000),
(411, 164, 22, 1, 5000),
(412, 165, 2, 1, 10000),
(413, 165, 16, 1, 10000),
(414, 166, 14, 1, 8000),
(415, 166, 16, 1, 10000),
(416, 167, 55, 1, 10000),
(417, 167, 49, 1, 10000),
(418, 167, 3, 1, 10000),
(419, 167, 22, 1, 5000),
(420, 167, 26, 1, 10000),
(421, 168, 14, 1, 8000),
(422, 168, 51, 1, 10000),
(423, 169, 1, 1, 5000),
(424, 169, 17, 1, 10000),
(425, 170, 1, 1, 5000),
(426, 170, 2, 1, 10000),
(427, 171, 16, 1, 10000),
(428, 171, 33, 1, 8000),
(429, 172, 55, 1, 10000),
(430, 172, 16, 1, 10000),
(431, 173, 1, 1, 5000),
(432, 173, 40, 1, 8000),
(433, 174, 16, 1, 10000),
(434, 174, 47, 1, 10000),
(435, 174, 26, 1, 10000),
(436, 175, 7, 1, 10000),
(437, 175, 16, 1, 10000),
(438, 176, 1, 1, 5000),
(439, 176, 17, 1, 10000),
(440, 176, 51, 1, 10000),
(441, 177, 55, 1, 10000),
(442, 177, 52, 1, 10000),
(443, 177, 33, 1, 8000),
(444, 178, 54, 1, 10000),
(445, 178, 51, 1, 10000),
(446, 178, 25, 1, 10000),
(447, 179, 55, 1, 10000),
(448, 179, 16, 1, 10000),
(449, 180, 16, 2, 20000),
(450, 180, 25, 1, 10000),
(451, 181, 16, 1, 10000),
(452, 181, 44, 1, 8000),
(453, 182, 33, 1, 8000),
(454, 182, 27, 1, 10000),
(455, 182, 40, 1, 8000),
(456, 183, 4, 1, 8000),
(457, 184, 33, 1, 8000),
(458, 184, 26, 1, 10000),
(459, 185, 16, 1, 10000),
(460, 185, 45, 1, 10000),
(461, 186, 16, 1, 10000),
(462, 187, 33, 1, 8000),
(463, 187, 19, 1, 10000),
(464, 187, 43, 1, 8000),
(465, 188, 53, 1, 10000),
(466, 188, 17, 1, 10000),
(467, 188, 23, 1, 10000),
(468, 189, 40, 1, 8000),
(469, 189, 45, 1, 10000),
(470, 190, 4, 1, 8000),
(471, 190, 1, 1, 5000),
(472, 191, 4, 1, 8000),
(473, 191, 16, 1, 10000),
(474, 191, 24, 1, 10000),
(475, 192, 32, 1, 10000),
(476, 192, 53, 1, 10000),
(477, 192, 16, 1, 10000),
(478, 193, 51, 1, 10000),
(479, 193, 33, 1, 8000),
(480, 193, 23, 1, 10000),
(481, 193, 16, 1, 10000),
(482, 194, 5, 1, 10000),
(483, 194, 16, 1, 10000),
(484, 195, 45, 1, 10000),
(485, 195, 16, 1, 10000),
(486, 196, 54, 1, 10000),
(487, 196, 53, 1, 10000),
(488, 196, 17, 1, 10000),
(489, 197, 21, 2, 16000),
(490, 197, 23, 1, 10000),
(491, 198, 45, 1, 10000),
(492, 198, 19, 1, 10000),
(493, 199, 6, 1, 10000),
(494, 199, 40, 1, 8000),
(495, 200, 6, 1, 10000),
(496, 200, 8, 1, 10000),
(497, 200, 24, 1, 10000),
(498, 201, 53, 1, 10000),
(499, 201, 16, 1, 10000),
(500, 202, 51, 1, 10000),
(501, 202, 19, 1, 10000),
(502, 203, 8, 1, 10000),
(503, 203, 10, 1, 10000),
(504, 204, 16, 1, 10000),
(505, 204, 43, 1, 8000),
(506, 204, 27, 1, 10000),
(507, 205, 21, 1, 8000),
(508, 205, 43, 1, 8000),
(509, 206, 16, 1, 10000),
(510, 206, 17, 1, 10000),
(511, 206, 23, 1, 10000),
(512, 207, 16, 1, 10000),
(513, 207, 18, 1, 10000),
(514, 208, 17, 1, 10000),
(515, 208, 46, 1, 10000),
(516, 208, 23, 1, 10000),
(517, 209, 17, 1, 10000),
(518, 209, 19, 1, 10000),
(519, 210, 19, 1, 10000),
(520, 210, 47, 1, 10000),
(521, 210, 25, 1, 10000),
(522, 211, 17, 1, 10000),
(523, 211, 43, 1, 8000),
(524, 211, 36, 1, 8000),
(525, 211, 27, 1, 10000),
(526, 212, 16, 1, 10000),
(527, 212, 54, 1, 10000),
(528, 212, 48, 1, 10000),
(529, 212, 25, 1, 10000),
(530, 213, 45, 1, 10000),
(531, 213, 48, 1, 10000),
(532, 214, 17, 1, 10000),
(533, 214, 18, 1, 10000),
(534, 214, 23, 1, 10000),
(535, 215, 55, 1, 10000),
(536, 215, 47, 1, 10000),
(537, 215, 16, 1, 10000),
(538, 215, 27, 1, 10000),
(539, 216, 40, 1, 8000),
(540, 216, 43, 1, 8000),
(541, 216, 34, 1, 8000),
(542, 216, 46, 1, 10000),
(543, 216, 26, 1, 10000),
(544, 217, 16, 1, 10000),
(545, 217, 15, 1, 8000),
(546, 217, 1, 1, 5000),
(547, 218, 55, 1, 10000),
(548, 218, 45, 1, 10000),
(549, 218, 17, 1, 10000),
(550, 219, 36, 1, 8000),
(551, 219, 14, 1, 8000),
(552, 219, 55, 1, 10000),
(553, 220, 17, 1, 10000),
(554, 220, 21, 1, 8000),
(555, 221, 36, 1, 8000),
(556, 221, 21, 1, 8000),
(557, 221, 14, 1, 8000),
(558, 222, 19, 1, 10000),
(559, 222, 33, 1, 8000),
(560, 222, 27, 1, 10000),
(561, 223, 33, 1, 8000),
(562, 223, 48, 1, 10000),
(563, 224, 55, 2, 20000),
(564, 224, 18, 1, 10000),
(565, 225, 40, 1, 8000),
(566, 225, 21, 1, 8000),
(567, 226, 19, 1, 10000),
(568, 226, 55, 1, 10000),
(569, 227, 55, 1, 10000),
(570, 227, 15, 1, 8000),
(571, 227, 24, 1, 10000),
(572, 228, 55, 1, 10000),
(573, 228, 54, 1, 10000),
(574, 228, 53, 1, 10000),
(575, 228, 52, 1, 10000),
(576, 229, 53, 1, 10000),
(577, 229, 50, 1, 10000),
(578, 229, 16, 1, 10000),
(579, 230, 55, 1, 10000),
(580, 230, 16, 1, 10000),
(581, 230, 14, 1, 8000),
(582, 230, 23, 1, 10000),
(583, 231, 55, 1, 10000),
(584, 231, 48, 1, 10000),
(585, 232, 36, 2, 16000),
(586, 232, 48, 1, 10000),
(587, 232, 27, 2, 20000),
(588, 233, 17, 1, 10000),
(589, 233, 16, 1, 10000),
(590, 234, 21, 1, 8000),
(591, 234, 18, 1, 10000),
(592, 235, 47, 1, 10000),
(593, 235, 48, 2, 20000),
(594, 235, 55, 1, 10000),
(595, 235, 25, 1, 10000),
(596, 236, 55, 2, 20000),
(597, 237, 48, 1, 10000),
(598, 237, 36, 1, 8000),
(599, 237, 39, 1, 8000),
(600, 238, 55, 1, 10000),
(601, 238, 17, 1, 10000),
(602, 238, 23, 1, 10000),
(603, 238, 39, 1, 8000),
(604, 239, 55, 1, 10000),
(605, 239, 19, 1, 10000),
(606, 239, 24, 1, 10000),
(607, 240, 55, 1, 10000),
(608, 240, 48, 1, 10000),
(609, 241, 19, 1, 10000),
(610, 241, 54, 1, 10000),
(611, 242, 19, 1, 10000),
(612, 242, 47, 1, 10000),
(613, 243, 55, 1, 10000),
(614, 243, 56, 1, 10000),
(615, 243, 24, 1, 10000),
(616, 244, 19, 1, 10000),
(617, 244, 36, 1, 8000),
(618, 245, 56, 1, 10000),
(619, 245, 33, 1, 8000),
(620, 246, 33, 1, 8000),
(621, 246, 36, 1, 8000),
(622, 247, 33, 1, 8000),
(623, 247, 48, 1, 10000),
(624, 248, 36, 2, 16000),
(625, 248, 39, 1, 8000),
(626, 249, 52, 1, 10000),
(627, 249, 40, 1, 8000),
(628, 250, 14, 1, 8000),
(629, 250, 16, 1, 10000),
(630, 250, 51, 1, 10000),
(631, 250, 22, 1, 5000),
(632, 251, 16, 1, 10000),
(633, 251, 48, 1, 10000),
(634, 252, 1, 1, 5000),
(635, 252, 6, 1, 10000),
(636, 252, 23, 1, 10000),
(637, 253, 19, 1, 10000),
(638, 253, 53, 1, 10000),
(639, 253, 26, 1, 10000),
(640, 254, 2, 1, 10000),
(641, 254, 6, 1, 10000),
(642, 255, 4, 1, 8000),
(643, 255, 39, 1, 8000),
(644, 256, 14, 1, 8000),
(645, 256, 19, 1, 10000),
(646, 256, 24, 1, 10000),
(647, 257, 16, 1, 10000),
(648, 257, 51, 1, 10000),
(649, 257, 23, 1, 10000),
(650, 258, 19, 1, 10000),
(651, 258, 43, 1, 8000),
(652, 259, 16, 1, 10000),
(653, 259, 17, 1, 10000),
(654, 259, 24, 1, 10000),
(655, 260, 19, 1, 10000),
(656, 260, 47, 1, 10000),
(657, 260, 23, 1, 10000),
(658, 261, 12, 1, 8000),
(659, 261, 21, 1, 8000),
(660, 261, 23, 1, 10000),
(661, 262, 48, 1, 10000),
(662, 262, 52, 1, 10000),
(663, 262, 40, 1, 8000),
(664, 262, 26, 1, 10000),
(665, 263, 52, 1, 10000),
(666, 263, 53, 1, 10000),
(667, 263, 26, 1, 10000),
(668, 263, 25, 1, 10000),
(669, 264, 55, 2, 20000),
(670, 264, 25, 1, 10000),
(671, 265, 55, 1, 10000),
(672, 265, 28, 1, 10000),
(673, 266, 40, 1, 8000),
(674, 266, 45, 1, 10000),
(675, 266, 26, 1, 10000),
(676, 267, 1, 1, 5000),
(677, 267, 7, 1, 10000),
(678, 268, 45, 1, 10000),
(679, 268, 39, 1, 8000),
(680, 268, 22, 1, 5000),
(681, 269, 1, 1, 5000),
(682, 269, 19, 1, 10000),
(683, 269, 47, 1, 10000),
(684, 270, 6, 1, 10000),
(685, 270, 12, 1, 8000),
(686, 271, 7, 1, 10000),
(687, 271, 55, 1, 10000),
(688, 271, 57, 1, 10000),
(689, 271, 15, 1, 8000),
(690, 271, 23, 1, 10000),
(691, 272, 4, 1, 8000),
(692, 272, 51, 1, 10000),
(693, 273, 1, 1, 5000),
(694, 273, 10, 1, 10000),
(695, 274, 1, 1, 5000),
(696, 274, 33, 1, 8000),
(697, 274, 23, 1, 10000),
(698, 275, 1, 1, 5000),
(699, 275, 34, 1, 8000),
(700, 275, 19, 1, 10000),
(701, 276, 52, 1, 10000),
(702, 276, 53, 1, 10000),
(703, 277, 2, 1, 10000),
(704, 277, 48, 1, 10000),
(705, 278, 45, 1, 10000),
(706, 278, 33, 1, 8000),
(707, 279, 47, 1, 10000),
(708, 279, 19, 1, 10000),
(709, 280, 55, 1, 10000),
(710, 280, 33, 1, 8000),
(711, 280, 40, 1, 8000),
(712, 280, 25, 1, 10000),
(713, 281, 33, 2, 16000),
(714, 281, 19, 1, 10000),
(715, 282, 21, 1, 8000),
(716, 282, 24, 1, 10000),
(717, 283, 54, 1, 10000),
(718, 283, 16, 1, 10000),
(719, 284, 19, 1, 10000),
(720, 284, 16, 1, 10000),
(721, 284, 23, 1, 10000),
(722, 285, 17, 1, 10000),
(723, 285, 16, 1, 10000),
(724, 285, 23, 1, 10000),
(725, 286, 12, 2, 16000),
(726, 286, 23, 1, 10000),
(727, 287, 16, 1, 10000),
(728, 288, 16, 1, 10000),
(729, 288, 15, 1, 8000),
(730, 288, 23, 1, 10000),
(731, 289, 7, 1, 10000),
(732, 289, 14, 1, 8000),
(733, 289, 40, 1, 8000),
(734, 290, 6, 1, 10000),
(735, 290, 16, 1, 10000),
(736, 291, 1, 1, 5000),
(737, 291, 16, 1, 10000),
(738, 292, 17, 1, 10000),
(739, 292, 18, 1, 10000),
(740, 292, 19, 1, 10000),
(741, 292, 23, 1, 10000),
(742, 293, 1, 1, 5000),
(743, 293, 19, 1, 10000),
(744, 294, 16, 2, 20000),
(745, 294, 48, 1, 10000),
(746, 294, 23, 1, 10000),
(747, 295, 6, 1, 10000),
(748, 295, 55, 1, 10000),
(749, 295, 17, 1, 10000),
(750, 296, 16, 1, 10000),
(751, 296, 19, 1, 10000),
(752, 296, 48, 1, 10000),
(753, 297, 16, 2, 20000),
(754, 297, 47, 1, 10000),
(755, 297, 23, 1, 10000),
(756, 298, 16, 1, 10000),
(757, 298, 18, 1, 10000),
(758, 298, 22, 1, 5000),
(759, 299, 16, 1, 10000),
(760, 299, 17, 1, 10000),
(761, 299, 44, 1, 8000),
(762, 300, 16, 1, 10000),
(763, 300, 52, 1, 10000),
(764, 300, 25, 1, 10000),
(765, 300, 23, 1, 10000),
(766, 301, 16, 1, 10000),
(767, 301, 53, 1, 10000),
(768, 301, 25, 1, 10000),
(769, 302, 54, 1, 10000),
(770, 302, 16, 1, 10000),
(771, 302, 23, 1, 10000),
(772, 303, 55, 1, 10000),
(773, 303, 16, 1, 10000),
(774, 303, 19, 1, 10000),
(775, 304, 12, 2, 16000),
(776, 304, 21, 1, 8000),
(777, 304, 23, 1, 10000),
(778, 305, 21, 2, 16000),
(779, 306, 16, 2, 20000),
(780, 306, 40, 1, 8000),
(781, 306, 23, 1, 10000),
(782, 307, 19, 1, 10000),
(783, 307, 18, 1, 10000),
(784, 307, 24, 1, 10000),
(785, 308, 44, 1, 8000),
(786, 308, 36, 1, 8000),
(787, 308, 55, 1, 10000),
(788, 308, 23, 1, 10000),
(789, 309, 40, 1, 8000),
(790, 309, 33, 1, 8000),
(791, 309, 46, 1, 10000),
(792, 309, 26, 1, 10000),
(793, 310, 43, 1, 8000),
(794, 310, 56, 1, 10000),
(795, 310, 48, 1, 10000),
(796, 310, 25, 1, 10000),
(797, 311, 55, 1, 10000),
(798, 311, 56, 1, 10000),
(799, 312, 55, 1, 10000),
(800, 312, 53, 1, 10000),
(801, 312, 51, 1, 10000),
(802, 312, 25, 1, 10000),
(803, 313, 55, 3, 30000),
(804, 313, 52, 1, 10000),
(805, 313, 47, 1, 10000),
(806, 313, 48, 1, 10000),
(807, 313, 44, 1, 8000),
(808, 314, 1, 1, 5000),
(809, 314, 11, 1, 10000),
(810, 314, 21, 1, 8000),
(811, 314, 24, 1, 10000),
(812, 315, 1, 1, 5000),
(813, 315, 16, 1, 10000),
(814, 316, 6, 1, 10000),
(815, 316, 12, 1, 8000),
(816, 316, 23, 1, 10000),
(817, 317, 12, 1, 8000),
(818, 317, 16, 1, 10000),
(819, 317, 22, 1, 5000),
(820, 317, 27, 1, 10000),
(821, 318, 14, 1, 8000),
(822, 318, 16, 1, 10000),
(823, 318, 52, 1, 10000),
(824, 318, 23, 1, 10000),
(825, 319, 16, 2, 20000),
(826, 319, 17, 1, 10000),
(827, 320, 16, 1, 10000),
(828, 320, 55, 2, 20000),
(829, 320, 23, 1, 10000),
(830, 320, 45, 1, 10000),
(831, 321, 16, 1, 10000),
(832, 321, 19, 1, 10000),
(833, 322, 16, 1, 10000),
(834, 322, 18, 1, 10000),
(835, 322, 51, 1, 10000),
(836, 322, 23, 1, 10000),
(837, 323, 16, 2, 20000),
(838, 324, 17, 1, 10000),
(839, 324, 20, 1, 15000),
(840, 324, 21, 1, 8000),
(841, 325, 17, 1, 10000),
(842, 325, 19, 1, 10000),
(843, 325, 55, 1, 10000),
(844, 326, 21, 2, 16000),
(845, 326, 24, 1, 10000),
(846, 327, 45, 1, 10000),
(847, 327, 54, 1, 10000),
(848, 327, 27, 1, 10000),
(849, 328, 21, 2, 16000),
(850, 328, 44, 1, 8000),
(851, 329, 46, 2, 20000),
(852, 329, 54, 1, 10000),
(853, 329, 27, 2, 20000),
(854, 330, 54, 1, 10000),
(855, 330, 32, 2, 20000),
(856, 330, 40, 1, 8000),
(857, 330, 27, 1, 10000),
(858, 331, 55, 1, 10000),
(859, 331, 28, 1, 10000),
(860, 331, 26, 1, 10000),
(861, 332, 54, 2, 20000),
(862, 332, 33, 1, 8000),
(863, 332, 27, 1, 10000),
(864, 332, 25, 1, 10000);

-- --------------------------------------------------------

--
-- Table structure for table `menu`
--

CREATE TABLE `menu` (
  `id_menu` int(11) NOT NULL,
  `nama_menu` varchar(20) NOT NULL,
  `id_group` int(11) NOT NULL,
  `id_paket` int(11) NOT NULL,
  `harga` int(11) NOT NULL,
  `disct_` int(11) NOT NULL,
  `gross_amount` int(11) NOT NULL,
  `gambar` varchar(200) NOT NULL
) ENGINE=InnoDB DEFAULT CHARSET=latin1;

--
-- Dumping data for table `menu`
--

INSERT INTO `menu` (`id_menu`, `nama_menu`, `id_group`, `id_paket`, `harga`, `disct_`, `gross_amount`, `gambar`) VALUES
(1, 'Tubruk R', 1, 1, 5000, 0, 5000, '/uploads/MTc1NDA5NDU1Ng.png'),
(2, 'Vietnam Drip R', 1, 1, 10000, 0, 10000, '/uploads/MTE3NDUwMDMw.jpg'),
(3, 'Aeropress R', 1, 1, 10000, 0, 10000, '/uploads/MTc1NDA5NDU1Ng.png'),
(4, 'Tubruk A', 2, 1, 8000, 0, 8000, '/uploads/Mzk2Mzk4MzMw.jpg'),
(5, 'French Press A', 2, 1, 10000, 0, 10000, '/uploads/MTI2MTAxMTY5NA.png'),
(6, 'Vietnam Drip A', 2, 1, 10000, 0, 10000, '/uploads/MTEyOTgxNDQ0NA.jpg'),
(7, 'V60 A', 2, 1, 10000, 0, 10000, '/uploads/NTcyMzA3ODA0.jpg'),
(8, 'Aeropress A', 2, 1, 10000, 0, 10000, '/uploads/NjA3ODEwNTgy.jpg'),
(9, 'Kalita Wave A', 2, 1, 10000, 0, 10000, '/uploads/MTg0NDg1NDc3Mg.png'),
(10, 'Flatbottom A', 2, 1, 10000, 0, 10000, '/uploads/MTQzODc4MDM5NQ.jpg'),
(11, 'Chemex A', 2, 1, 10000, 0, 10000, '/uploads/MTQxMjYwNzY5NA.jpg'),
(12, 'Espresso 1 shoot', 3, 1, 8000, 0, 8000, '/uploads/MTA4NTU0NTU4MA.png'),
(13, 'Affogato', 3, 1, 13000, 0, 13000, '/uploads/NzIyNDY5MDgx.jpg'),
(14, 'Americano', 3, 1, 8000, 0, 8000, '/uploads/MTc4MDIxNTY4.jpg'),
(15, 'Supresso', 3, 1, 8000, 0, 8000, '/uploads/OTc4OTAxNjI.jpg'),
(16, 'Cappucino', 3, 1, 10000, 0, 10000, '/uploads/MTY2MjQ0MDEwMA.jpg'),
(17, 'Latte', 3, 1, 10000, 0, 10000, '/uploads/OTAxODU4NTQx.jpg'),
(18, 'Mocha', 3, 1, 10000, 0, 10000, '/uploads/MTcyNDEwMjk3MQ.jpg'),
(19, 'Macchiato', 3, 1, 10000, 0, 10000, '/uploads/MjEzMDY4ODc2OQ.jpg'),
(20, 'Coffee Beer', 4, 1, 15000, 0, 15000, '/uploads/MTQ4NjI2MDcyMQ.jpg'),
(21, 'Kopi Susu Desa', 4, 1, 8000, 0, 8000, '/uploads/MTI1OTY2Nzg4MQ.jpg'),
(22, 'Air Mineral', 5, 1, 5000, 0, 5000, '/uploads/NzQ3Mzg0NjUz.jpg'),
(23, 'Kentang', 5, 1, 10000, 0, 10000, '/uploads/ODAwNzQ1NjQ2.jpg'),
(24, 'Mendoan', 5, 1, 10000, 0, 10000, '/uploads/MTQ0MzM3MDc0Nw.jpg'),
(25, 'Pisang Crispy', 5, 1, 10000, 0, 10000, '/uploads/MTIwNzc3OTA4Ng.jpg'),
(26, 'Donat Kentang', 5, 1, 10000, 0, 10000, '/uploads/MjM4MTU5Nzg4.jpg'),
(27, 'Noodle', 5, 1, 10000, 0, 10000, '/uploads/NTMzMDk4MDc4.jpg'),
(28, 'Orange Smoothies', 6, 1, 10000, 0, 10000, '/uploads/MTU4NTg2MTMxMA.png'),
(29, 'Guava Smoothies', 6, 1, 10000, 0, 10000, '/uploads/MTkyNjE4NzU1MA.png'),
(30, 'Pineapple Smoothies', 6, 1, 10000, 0, 10000, '/uploads/NDk5NjA2OTAx.png'),
(31, 'Grape Smoothies', 6, 1, 10000, 0, 10000, '/uploads/MTM1ODQ3MzI4NA.png'),
(32, 'Lychee Smoothies', 6, 1, 10000, 0, 10000, '/uploads/NDU2OTE0NjI5.png'),
(33, 'Orange', 7, 1, 8000, 0, 8000, '/uploads/MTIyMDExNTE5OQ.png'),
(34, 'Pineapple', 7, 1, 8000, 0, 8000, '/uploads/MTM0NTY3NzM2MQ.png'),
(35, 'Grape', 7, 1, 8000, 0, 8000, '/uploads/MTQ4NzIwNTYxNA.png'),
(36, 'Guava', 7, 1, 8000, 0, 8000, '/uploads/MTY3ODM1NDkzMA.png'),
(37, 'Pineapple', 7, 1, 8000, 0, 8000, '/uploads/MTI3OTgzNDMw.png'),
(38, 'Standard', 8, 1, 8000, 0, 8000, '/uploads/NTM1NzA1MzU.jpg'),
(39, 'Lime Tea', 8, 1, 8000, 0, 8000, '/uploads/OTE2MTM5ODI1.jpg'),
(40, 'Milk Tea', 8, 1, 8000, 0, 8000, '/uploads/NDM3NTQyNjk1.jpg'),
(41, 'Grape Tea', 8, 1, 8000, 0, 8000, '/uploads/MTE0NDYyNjg0NA.jpg'),
(42, 'Pineapple Tea', 8, 1, 8000, 0, 8000, '/uploads/MTA5MzI0MjU1OQ.jpg'),
(43, 'Lychee Tea', 8, 1, 8000, 0, 8000, '/uploads/MTc2NzIxNjQ3Mg.jpg'),
(44, 'Mint Tea', 8, 1, 8000, 0, 8000, '/uploads/MTY3MzA0NzU3OQ.jpg'),
(45, 'Milk Soda', 9, 1, 10000, 0, 10000, '/uploads/MTM0MzQ5MDM3NQ.png'),
(46, 'Strawberry Squash', 9, 1, 10000, 0, 10000, '/uploads/NjgyNjk1NTc2.png'),
(47, 'Orange Squash', 9, 1, 10000, 0, 10000, '/uploads/MTQyMTY5OTgzOQ.png'),
(48, 'Lychee Squash', 9, 1, 10000, 0, 10000, '/uploads/Njc1MTc0MzEz.png'),
(49, 'Pineapple Squash', 9, 1, 10000, 0, 10000, '/uploads/NjY1NTYyNDE.png'),
(50, 'Grape Squash', 9, 1, 10000, 0, 10000, '/uploads/MjExOTk0Mjc3MQ.png'),
(51, 'Mojito', 9, 1, 10000, 0, 10000, '/uploads/NjY1Njg4NzMw.png'),
(52, 'Strawberry Milkshake', 10, 1, 10000, 0, 10000, '/uploads/NTAwNzIzNzg0.png'),
(53, 'Red Velvet Milkshake', 10, 1, 10000, 0, 10000, '/uploads/MjAxNzMwODI1.png'),
(54, 'Green Tea Milkshake', 10, 1, 10000, 0, 10000, '/uploads/Njg4NTc1NjMw.png'),
(55, 'Chocolate Milkshake', 10, 1, 10000, 0, 10000, '/uploads/MTg4NjU0MzgwMA.png'),
(56, 'Taro Milkshake', 10, 1, 10000, 0, 10000, '/uploads/NDg5MTM2MzA5.png'),
(57, 'Vanilla Milkshake', 10, 1, 10000, 0, 10000, '/uploads/Mjg1NjU5NDM5.png'),
(62, 'dolce', 11, 7, 20000, 30, 14000, '/uploads/MzAyNTc5MTMz.jpg'),
(63, 'Paket A', 11, 9, 20000, 30, 14000, '/uploads/MTg2MTU1NzIxNA.jpg');

-- --------------------------------------------------------

--
-- Table structure for table `menu_grup`
--

CREATE TABLE `menu_grup` (
  `id_group` int(11) NOT NULL,
  `nama_menu_group` varchar(100) NOT NULL,
  `gambar_group` varchar(200) NOT NULL
) ENGINE=InnoDB DEFAULT CHARSET=latin1;

--
-- Dumping data for table `menu_grup`
--

INSERT INTO `menu_grup` (`id_group`, `nama_menu_group`, `gambar_group`) VALUES
(1, 'Robusta Highland', '/uploads/NTA0Mjg5MDAx.jpg'),
(2, 'Arabica Highland', '/uploads/MTkzNzI2MTQ5NA.jpg'),
(3, 'Espresso Basic', '/uploads/ODU2MTU5Nzg5.png'),
(4, 'Other', '/uploads/NTAzNzg4MTcz.png'),
(5, 'Snack', '/uploads/MTU4NTk1NDY3OA.jpg'),
(6, 'Smoothies', '/uploads/MzYwOTQ4NDIw.png'),
(7, 'Fresh Juice', '/uploads/ODkwNTgxNTE3.jpg'),
(8, 'Flavour Tea', '/uploads/OTgxNzYzMzA.jpg'),
(9, 'Soda Basic', '/uploads/Mjg2ODg4MTcz.jpg'),
(10, 'Milkshake', '/uploads/MTk3NTI3MzM0OA.png'),
(11, 'Paket Menu', '/uploads/MTc1NDA5NDU1Ng.png');

-- --------------------------------------------------------

--
-- Table structure for table `paket`
--

CREATE TABLE `paket` (
  `id_paket` int(11) NOT NULL,
  `jenis` varchar(100) NOT NULL,
  `tanggal_buat` date NOT NULL
) ENGINE=InnoDB DEFAULT CHARSET=latin1;

--
-- Dumping data for table `paket`
--

INSERT INTO `paket` (`id_paket`, `jenis`, `tanggal_buat`) VALUES
(1, 'Non Paket', '2019-08-01'),
(2, 'paket', '2019-09-04'),
(4, 'paket', '2019-09-04'),
(6, 'paket', '2019-09-04'),
(7, 'paket', '2019-09-04'),
(8, 'paket', '2019-09-05'),
(9, 'paket', '2019-09-05'),
(10, 'paket', '2019-09-05'),
(11, 'paket', '2019-09-05');

-- --------------------------------------------------------

--
-- Table structure for table `temp_assoc`
--

CREATE TABLE `temp_assoc` (
  `id_assoc` int(11) NOT NULL,
  `confidence` int(11) NOT NULL,
  `tgl_assoc` date NOT NULL
) ENGINE=InnoDB DEFAULT CHARSET=latin1;

--
-- Dumping data for table `temp_assoc`
--

INSERT INTO `temp_assoc` (`id_assoc`, `confidence`, `tgl_assoc`) VALUES
(1, 32, '2019-09-08'),
(2, 49, '2019-09-08');

-- --------------------------------------------------------

--
-- Table structure for table `temp_assoc_detail`
--

CREATE TABLE `temp_assoc_detail` (
  `id_assoc_detail` int(11) NOT NULL,
  `id_assoc` int(11) NOT NULL,
  `id_menu` int(11) NOT NULL
) ENGINE=InnoDB DEFAULT CHARSET=latin1;

--
-- Dumping data for table `temp_assoc_detail`
--

INSERT INTO `temp_assoc_detail` (`id_assoc_detail`, `id_assoc`, `id_menu`) VALUES
(1, 1, 16),
(2, 1, 23),
(3, 2, 16),
(4, 2, 23);

--
-- Triggers `temp_assoc_detail`
--
DELIMITER $$
CREATE TRIGGER `insert_detail_paket` BEFORE DELETE ON `temp_assoc_detail` FOR EACH ROW BEGIN 

DECLARE tgl DATE;
DECLARE x VARCHAR(100);
DECLARE id_pkt INT(11);
SET x = 'paket';
SELECT CURRENT_DATE() INTO tgl;

INSERT INTO paket (id_paket, jenis, tanggal_buat) 
VALUES (NULL, x, tgl);

SELECT id_paket INTO id_pkt FROM paket ORDER BY id_paket DESC LIMIT 1;

INSERT INTO detail_paket (id_detail_paket, id_paket, id_menu) 
VALUES (NULL, id_pkt, old.id_menu);

END
$$
DELIMITER ;

-- --------------------------------------------------------

--
-- Table structure for table `transaksi`
--

CREATE TABLE `transaksi` (
  `id_trans` int(11) NOT NULL,
  `ammount` int(11) NOT NULL,
  `tgl_trans` date NOT NULL
) ENGINE=InnoDB DEFAULT CHARSET=latin1;

--
-- Dumping data for table `transaksi`
--

INSERT INTO `transaksi` (`id_trans`, `ammount`, `tgl_trans`) VALUES
(1, 36000, '2019-09-05'),
(2, 30000, '2019-09-05'),
(3, 31000, '2019-09-05'),
(4, 18000, '2019-09-05'),
(5, 18000, '2019-09-05'),
(6, 38000, '2019-09-05'),
(7, 20000, '2019-09-05'),
(8, 30000, '2019-09-05'),
(9, 20000, '2019-09-05'),
(10, 18000, '2019-09-05'),
(11, 30000, '2019-09-05'),
(12, 20000, '2019-09-05'),
(13, 30000, '2019-09-05'),
(14, 20000, '2019-09-05'),
(15, 30000, '2019-09-05'),
(16, 30000, '2019-09-05'),
(17, 18000, '2019-09-05'),
(18, 18000, '2019-09-05'),
(19, 16000, '2019-09-05'),
(20, 20000, '2019-09-05'),
(21, 28000, '2019-09-05'),
(22, 18000, '2019-09-05'),
(23, 20000, '2019-09-05'),
(24, 10000, '2019-09-05'),
(25, 20000, '2019-09-05'),
(26, 40000, '2019-09-05'),
(27, 15000, '2019-09-05'),
(28, 8000, '2019-09-05'),
(29, 40000, '2019-09-05'),
(30, 18000, '2019-09-05'),
(31, 5000, '2019-09-05'),
(32, 20000, '2019-09-05'),
(33, 30000, '2019-09-05'),
(34, 20000, '2019-09-05'),
(35, 28000, '2019-09-05'),
(36, 26000, '2019-09-05'),
(37, 20000, '2019-09-05'),
(38, 30000, '2019-09-05'),
(39, 30000, '2019-09-05'),
(40, 18000, '2019-09-05'),
(41, 30000, '2019-09-05'),
(42, 20000, '2019-09-05'),
(43, 30000, '2019-09-05'),
(44, 20000, '2019-09-05'),
(45, 18000, '2019-09-05'),
(46, 30000, '2019-09-05'),
(47, 18000, '2019-09-05'),
(48, 30000, '2019-09-05'),
(49, 10000, '2019-09-05'),
(50, 30000, '2019-09-05'),
(51, 36000, '2019-09-05'),
(52, 18000, '2019-09-05'),
(53, 28000, '2019-09-05'),
(54, 13000, '2019-09-05'),
(55, 30000, '2019-09-05'),
(56, 79000, '2019-09-05'),
(57, 20000, '2019-09-05'),
(58, 20000, '2019-09-05'),
(59, 18000, '2019-09-05'),
(60, 18000, '2019-09-05'),
(61, 40000, '2019-09-05'),
(62, 18000, '2019-09-05'),
(63, 28000, '2019-09-05'),
(64, 40000, '2019-09-05'),
(65, 10000, '2019-09-05'),
(66, 20000, '2019-09-05'),
(67, 18000, '2019-09-05'),
(68, 20000, '2019-09-05'),
(69, 26000, '2019-09-05'),
(70, 18000, '2019-09-05'),
(71, 20000, '2019-09-05'),
(72, 8000, '2019-09-05'),
(73, 26000, '2019-09-05'),
(74, 30000, '2019-09-05'),
(75, 16000, '2019-09-05'),
(76, 26000, '2019-09-05'),
(77, 30000, '2019-09-05'),
(78, 16000, '2019-09-05'),
(79, 33000, '2019-09-05'),
(80, 18000, '2019-09-05'),
(81, 16000, '2019-09-05'),
(82, 20000, '2019-09-05'),
(83, 40000, '2019-09-05'),
(84, 34000, '2019-09-05'),
(85, 16000, '2019-09-05'),
(86, 23000, '2019-09-05'),
(87, 15000, '2019-09-05'),
(88, 8000, '2019-09-05'),
(89, 30000, '2019-09-05'),
(90, 10000, '2019-09-05'),
(91, 15000, '2019-09-05'),
(92, 30000, '2019-09-05'),
(93, 20000, '2019-09-05'),
(94, 24000, '2019-09-05'),
(95, 30000, '2019-09-05'),
(96, 30000, '2019-09-05'),
(97, 30000, '2019-09-05'),
(98, 40000, '2019-09-05'),
(99, 20000, '2019-09-05'),
(100, 18000, '2019-09-05'),
(101, 18000, '2019-09-05'),
(102, 40000, '2019-09-05'),
(103, 30000, '2019-09-05'),
(104, 30000, '2019-09-05'),
(105, 30000, '2019-09-05'),
(106, 30000, '2019-09-05'),
(107, 26000, '2019-09-05'),
(108, 8000, '2019-09-05'),
(109, 30000, '2019-09-05'),
(110, 30000, '2019-09-05'),
(111, 20000, '2019-09-05'),
(112, 8000, '2019-09-05'),
(113, 20000, '2019-09-05'),
(114, 26000, '2019-09-05'),
(115, 35000, '2019-09-05'),
(116, 30000, '2019-09-05'),
(117, 28000, '2019-09-05'),
(118, 25000, '2019-09-05'),
(119, 38000, '2019-09-05'),
(120, 10000, '2019-09-05'),
(121, 20000, '2019-09-05'),
(122, 20000, '2019-09-05'),
(123, 30000, '2019-09-05'),
(124, 16000, '2019-09-05'),
(125, 26000, '2019-09-05'),
(126, 30000, '2019-09-05'),
(127, 30000, '2019-09-05'),
(128, 30000, '2019-09-05'),
(129, 20000, '2019-09-05'),
(130, 20000, '2019-09-05'),
(131, 30000, '2019-09-05'),
(132, 41000, '2019-09-05'),
(133, 15000, '2019-09-05'),
(134, 30000, '2019-09-05'),
(135, 28000, '2019-09-05'),
(136, 33000, '2019-09-05'),
(137, 33000, '2019-09-05'),
(138, 41000, '2019-09-05'),
(139, 20000, '2019-09-05'),
(140, 40000, '2019-09-05'),
(141, 8000, '2019-09-05'),
(142, 48000, '2019-09-05'),
(143, 30000, '2019-09-05'),
(144, 30000, '2019-09-05'),
(145, 24000, '2019-09-05'),
(146, 28000, '2019-09-05'),
(147, 10000, '2019-09-05'),
(148, 23000, '2019-09-05'),
(149, 28000, '2019-09-05'),
(150, 25000, '2019-09-05'),
(151, 30000, '2019-09-05'),
(152, 38000, '2019-09-05'),
(153, 30000, '2019-09-05'),
(154, 15000, '2019-09-05'),
(155, 26000, '2019-09-05'),
(156, 30000, '2019-09-05'),
(157, 20000, '2019-09-05'),
(158, 30000, '2019-09-05'),
(159, 8000, '2019-09-05'),
(160, 26000, '2019-09-05'),
(161, 30000, '2019-09-05'),
(162, 30000, '2019-09-05'),
(163, 40000, '2019-09-05'),
(164, 47000, '2019-09-05'),
(165, 20000, '2019-09-05'),
(166, 18000, '2019-09-05'),
(167, 45000, '2019-09-05'),
(168, 18000, '2019-09-05'),
(169, 15000, '2019-09-05'),
(170, 15000, '2019-09-05'),
(171, 18000, '2019-09-05'),
(172, 20000, '2019-09-05'),
(173, 13000, '2019-09-05'),
(174, 30000, '2019-09-05'),
(175, 20000, '2019-09-05'),
(176, 25000, '2019-09-05'),
(177, 28000, '2019-09-05'),
(178, 30000, '2019-09-05'),
(179, 20000, '2019-09-05'),
(180, 30000, '2019-09-05'),
(181, 18000, '2019-09-05'),
(182, 26000, '2019-09-05'),
(183, 8000, '2019-09-05'),
(184, 18000, '2019-09-05'),
(185, 20000, '2019-09-05'),
(186, 10000, '2019-09-05'),
(187, 26000, '2019-09-05'),
(188, 30000, '2019-09-05'),
(189, 18000, '2019-09-05'),
(190, 13000, '2019-09-05'),
(191, 28000, '2019-09-05'),
(192, 30000, '2019-09-05'),
(193, 38000, '2019-09-05'),
(194, 20000, '2019-09-05'),
(195, 20000, '2019-09-05'),
(196, 30000, '2019-09-05'),
(197, 26000, '2019-09-05'),
(198, 20000, '2019-09-05'),
(199, 18000, '2019-09-05'),
(200, 30000, '2019-09-05'),
(201, 20000, '2019-09-05'),
(202, 20000, '2019-09-05'),
(203, 20000, '2019-09-05'),
(204, 28000, '2019-09-05'),
(205, 16000, '2019-09-05'),
(206, 30000, '2019-09-05'),
(207, 20000, '2019-09-05'),
(208, 30000, '2019-09-05'),
(209, 20000, '2019-09-05'),
(210, 30000, '2019-09-05'),
(211, 36000, '2019-09-05'),
(212, 40000, '2019-09-05'),
(213, 20000, '2019-09-05'),
(214, 30000, '2019-09-05'),
(215, 40000, '2019-09-05'),
(216, 44000, '2019-09-05'),
(217, 23000, '2019-09-05'),
(218, 30000, '2019-09-05'),
(219, 26000, '2019-09-05'),
(220, 18000, '2019-09-05'),
(221, 24000, '2019-09-05'),
(222, 28000, '2019-09-05'),
(223, 18000, '2019-09-05'),
(224, 30000, '2019-09-05'),
(225, 16000, '2019-09-05'),
(226, 20000, '2019-09-05'),
(227, 28000, '2019-09-05'),
(228, 40000, '2019-09-05'),
(229, 30000, '2019-09-05'),
(230, 38000, '2019-09-05'),
(231, 20000, '2019-09-05'),
(232, 46000, '2019-09-05'),
(233, 20000, '2019-09-05'),
(234, 18000, '2019-09-05'),
(235, 50000, '2019-09-05'),
(236, 20000, '2019-09-05'),
(237, 26000, '2019-09-05'),
(238, 38000, '2019-09-05'),
(239, 30000, '2019-09-05'),
(240, 20000, '2019-09-05'),
(241, 20000, '2019-09-05'),
(242, 20000, '2019-09-05'),
(243, 30000, '2019-09-05'),
(244, 18000, '2019-09-05'),
(245, 18000, '2019-09-05'),
(246, 16000, '2019-09-05'),
(247, 18000, '2019-09-05'),
(248, 24000, '2019-09-05'),
(249, 18000, '2019-09-05'),
(250, 33000, '2019-09-05'),
(251, 20000, '2019-09-05'),
(252, 25000, '2019-09-05'),
(253, 30000, '2019-09-05'),
(254, 20000, '2019-09-05'),
(255, 16000, '2019-09-05'),
(256, 28000, '2019-09-05'),
(257, 30000, '2019-09-05'),
(258, 18000, '2019-09-05'),
(259, 30000, '2019-09-05'),
(260, 30000, '2019-09-05'),
(261, 26000, '2019-09-05'),
(262, 38000, '2019-09-05'),
(263, 40000, '2019-09-05'),
(264, 30000, '2019-09-05'),
(265, 20000, '2019-09-05'),
(266, 28000, '2019-09-05'),
(267, 15000, '2019-09-05'),
(268, 23000, '2019-09-05'),
(269, 25000, '2019-09-05'),
(270, 18000, '2019-09-05'),
(271, 48000, '2019-09-05'),
(272, 18000, '2019-09-05'),
(273, 15000, '2019-09-05'),
(274, 23000, '2019-09-05'),
(275, 23000, '2019-09-05'),
(276, 20000, '2019-09-05'),
(277, 20000, '2019-09-05'),
(278, 18000, '2019-09-05'),
(279, 20000, '2019-09-05'),
(280, 36000, '2019-09-05'),
(281, 26000, '2019-09-05'),
(282, 18000, '2019-09-05'),
(283, 20000, '2019-09-05'),
(284, 30000, '2019-09-05'),
(285, 30000, '2019-09-05'),
(286, 26000, '2019-09-05'),
(287, 10000, '2019-09-05'),
(288, 28000, '2019-09-05'),
(289, 26000, '2019-09-05'),
(290, 20000, '2019-09-05'),
(291, 15000, '2019-09-05'),
(292, 40000, '2019-09-05'),
(293, 15000, '2019-09-05'),
(294, 40000, '2019-09-05'),
(295, 30000, '2019-09-05'),
(296, 30000, '2019-09-05'),
(297, 40000, '2019-09-05'),
(298, 25000, '2019-09-05'),
(299, 28000, '2019-09-05'),
(300, 40000, '2019-09-05'),
(301, 30000, '2019-09-05'),
(302, 30000, '2019-09-05'),
(303, 30000, '2019-09-05'),
(304, 34000, '2019-09-05'),
(305, 16000, '2019-09-05'),
(306, 38000, '2019-09-05'),
(307, 30000, '2019-09-05'),
(308, 36000, '2019-09-05'),
(309, 36000, '2019-09-05'),
(310, 38000, '2019-09-05'),
(311, 20000, '2019-09-05'),
(312, 40000, '2019-09-05'),
(313, 68000, '2019-09-05'),
(314, 33000, '2019-09-05'),
(315, 15000, '2019-09-05'),
(316, 28000, '2019-09-05'),
(317, 33000, '2019-09-05'),
(318, 38000, '2019-09-05'),
(319, 30000, '2019-09-05'),
(320, 50000, '2019-09-05'),
(321, 20000, '2019-09-05'),
(322, 40000, '2019-09-05'),
(323, 20000, '2019-09-05'),
(324, 33000, '2019-09-05'),
(325, 30000, '2019-09-05'),
(326, 26000, '2019-09-05'),
(327, 30000, '2019-09-05'),
(328, 24000, '2019-09-05'),
(329, 50000, '2019-09-05'),
(330, 48000, '2019-09-05'),
(331, 30000, '2019-09-05'),
(332, 48000, '2019-09-05');

-- --------------------------------------------------------

--
-- Table structure for table `users`
--

CREATE TABLE `users` (
  `id` int(11) NOT NULL,
  `username` varchar(255) NOT NULL,
  `password` varchar(255) NOT NULL
) ENGINE=InnoDB DEFAULT CHARSET=latin1;

--
-- Dumping data for table `users`
--

INSERT INTO `users` (`id`, `username`, `password`) VALUES
(1, 'dito', 'f6943b8c64042f28124e7c73c62ebde1');

--
-- Indexes for dumped tables
--

--
-- Indexes for table `detail_paket`
--
ALTER TABLE `detail_paket`
  ADD PRIMARY KEY (`id_detail_paket`),
  ADD KEY `id_paket` (`id_paket`),
  ADD KEY `id_menu` (`id_menu`);

--
-- Indexes for table `detail_trans`
--
ALTER TABLE `detail_trans`
  ADD PRIMARY KEY (`id_detail`),
  ADD KEY `id_menu` (`id_menu`),
  ADD KEY `id_trans` (`id_trans`);

--
-- Indexes for table `menu`
--
ALTER TABLE `menu`
  ADD PRIMARY KEY (`id_menu`),
  ADD KEY `id_group` (`id_group`),
  ADD KEY `id_paket` (`id_paket`);

--
-- Indexes for table `menu_grup`
--
ALTER TABLE `menu_grup`
  ADD PRIMARY KEY (`id_group`);

--
-- Indexes for table `paket`
--
ALTER TABLE `paket`
  ADD PRIMARY KEY (`id_paket`);

--
-- Indexes for table `temp_assoc`
--
ALTER TABLE `temp_assoc`
  ADD PRIMARY KEY (`id_assoc`);

--
-- Indexes for table `temp_assoc_detail`
--
ALTER TABLE `temp_assoc_detail`
  ADD PRIMARY KEY (`id_assoc_detail`),
  ADD KEY `id_assoc` (`id_assoc`),
  ADD KEY `id_menu` (`id_menu`);

--
-- Indexes for table `transaksi`
--
ALTER TABLE `transaksi`
  ADD PRIMARY KEY (`id_trans`);

--
-- Indexes for table `users`
--
ALTER TABLE `users`
  ADD PRIMARY KEY (`id`);

--
-- AUTO_INCREMENT for dumped tables
--

--
-- AUTO_INCREMENT for table `detail_paket`
--
ALTER TABLE `detail_paket`
  MODIFY `id_detail_paket` int(11) NOT NULL AUTO_INCREMENT, AUTO_INCREMENT=11;

--
-- AUTO_INCREMENT for table `detail_trans`
--
ALTER TABLE `detail_trans`
  MODIFY `id_detail` int(11) NOT NULL AUTO_INCREMENT, AUTO_INCREMENT=865;

--
-- AUTO_INCREMENT for table `menu`
--
ALTER TABLE `menu`
  MODIFY `id_menu` int(11) NOT NULL AUTO_INCREMENT, AUTO_INCREMENT=64;

--
-- AUTO_INCREMENT for table `menu_grup`
--
ALTER TABLE `menu_grup`
  MODIFY `id_group` int(11) NOT NULL AUTO_INCREMENT, AUTO_INCREMENT=12;

--
-- AUTO_INCREMENT for table `paket`
--
ALTER TABLE `paket`
  MODIFY `id_paket` int(11) NOT NULL AUTO_INCREMENT, AUTO_INCREMENT=12;

--
-- AUTO_INCREMENT for table `temp_assoc`
--
ALTER TABLE `temp_assoc`
  MODIFY `id_assoc` int(11) NOT NULL AUTO_INCREMENT, AUTO_INCREMENT=3;

--
-- AUTO_INCREMENT for table `temp_assoc_detail`
--
ALTER TABLE `temp_assoc_detail`
  MODIFY `id_assoc_detail` int(11) NOT NULL AUTO_INCREMENT, AUTO_INCREMENT=5;

--
-- AUTO_INCREMENT for table `transaksi`
--
ALTER TABLE `transaksi`
  MODIFY `id_trans` int(11) NOT NULL AUTO_INCREMENT, AUTO_INCREMENT=333;

--
-- AUTO_INCREMENT for table `users`
--
ALTER TABLE `users`
  MODIFY `id` int(11) NOT NULL AUTO_INCREMENT, AUTO_INCREMENT=2;

--
-- Constraints for dumped tables
--

--
-- Constraints for table `detail_paket`
--
ALTER TABLE `detail_paket`
  ADD CONSTRAINT `detail_paket_ibfk_1` FOREIGN KEY (`id_paket`) REFERENCES `paket` (`id_paket`),
  ADD CONSTRAINT `detail_paket_ibfk_2` FOREIGN KEY (`id_menu`) REFERENCES `menu` (`id_menu`);

--
-- Constraints for table `detail_trans`
--
ALTER TABLE `detail_trans`
  ADD CONSTRAINT `detail_trans_ibfk_2` FOREIGN KEY (`id_trans`) REFERENCES `transaksi` (`id_trans`);

--
-- Constraints for table `menu`
--
ALTER TABLE `menu`
  ADD CONSTRAINT `menu_ibfk_1` FOREIGN KEY (`id_group`) REFERENCES `menu_grup` (`id_group`),
  ADD CONSTRAINT `menu_ibfk_2` FOREIGN KEY (`id_paket`) REFERENCES `paket` (`id_paket`);
COMMIT;

/*!40101 SET CHARACTER_SET_CLIENT=@OLD_CHARACTER_SET_CLIENT */;
/*!40101 SET CHARACTER_SET_RESULTS=@OLD_CHARACTER_SET_RESULTS */;
/*!40101 SET COLLATION_CONNECTION=@OLD_COLLATION_CONNECTION */;
